,SMALL LoPRIOR,ME1 PRIOR2,SMALL HiPRIOR,BIG LoPRIOR,ME2 PRIOR2,BIG HiPRIOR
199011  ,-6.58  ,-7.37  ,-7.54  ,-8.26  ,-8.01  ,-5.90
199012  ,-1.81  ,-1.12  ,-1.92   ,4.69   ,0.66  ,-2.46
199101  ,-2.30  ,-2.87  ,-2.39   ,2.65   ,3.03   ,1.18
199102  ,21.18  ,12.73  ,10.41  ,16.43   ,9.59   ,6.57
199103  ,-1.77  ,-2.02  ,-1.36  ,-5.09  ,-4.96  ,-3.79
199104   ,1.45   ,1.71   ,1.95   ,1.07   ,1.14   ,1.83
199105  ,-2.43  ,-1.31  ,-0.47  ,-0.42  ,-0.05  ,-0.17
199106  ,-5.33  ,-3.93  ,-3.22  ,-6.89  ,-7.18  ,-5.36
199107   ,0.43   ,0.84   ,2.05   ,1.64   ,3.21   ,5.43
199108  ,-4.63  ,-3.23   ,1.29  ,-4.21  ,-3.86  ,-1.31
199109   ,5.30   ,6.70   ,7.24   ,6.56   ,6.33   ,5.50
199110   ,0.19   ,1.38   ,1.63   ,1.03   ,0.98   ,3.73
199111  ,-4.54  ,-3.58  ,-2.75  ,-6.42  ,-5.52  ,-4.59
199112   ,1.49   ,2.70   ,2.85   ,3.53   ,5.22   ,4.04
199201  ,-2.72  ,-2.12  ,-0.29  ,-1.86  ,-2.63  ,-3.18
199202  ,-1.25  ,-1.69  ,-0.41  ,-5.04  ,-3.94  ,-1.81
199203  ,-6.59  ,-5.07  ,-4.78  ,-7.69  ,-7.27  ,-6.10
199204  ,-2.46  ,-1.67   ,0.62  ,-0.93  ,-1.67   ,0.63
199205   ,7.54   ,7.90   ,6.99   ,6.86   ,7.05   ,6.36
199206  ,-5.41  ,-2.50  ,-0.61  ,-8.40  ,-3.76  ,-2.51
199207  ,-6.92  ,-4.25  ,-4.70  ,-2.35  ,-2.72  ,-3.56
199208   ,3.06   ,2.04   ,1.30  ,12.58   ,4.66   ,4.85
199209  ,-4.39  ,-1.75  ,-2.58  ,-4.60  ,-2.44  ,-1.69
199210  ,-6.95  ,-6.63  ,-5.82  ,-5.63  ,-5.91  ,-4.56
199211  ,-2.30  ,-1.85  ,-1.51   ,1.89   ,0.82   ,0.00
199212   ,2.39   ,1.88   ,1.12  ,-0.00   ,0.11   ,0.79
199301   ,1.16   ,1.50   ,3.15   ,0.41  ,-0.15  ,-0.09
199302   ,4.27   ,3.13   ,4.04   ,3.48   ,4.15   ,2.36
199303  ,12.45   ,8.61   ,8.94  ,10.69  ,10.82   ,9.32
199304  ,11.65   ,9.66   ,9.38   ,9.64   ,9.33   ,9.59
199305   ,8.56   ,7.90   ,7.51   ,1.87   ,2.17   ,4.46
199306  ,-5.11  ,-4.02  ,-2.23  ,-4.09  ,-3.58  ,-2.41
199307   ,1.30   ,0.40   ,1.74   ,4.08   ,3.78   ,5.65
199308   ,6.81   ,5.91   ,5.34   ,4.79   ,5.42   ,4.40
199309  ,-0.89  ,-1.20  ,-1.97  ,-2.89  ,-2.45  ,-3.95
199310  ,-0.60  ,-1.31   ,0.36   ,0.35   ,1.85   ,1.29
199311  ,-4.69  ,-7.04  ,-8.35  ,-6.62  ,-9.06 ,-11.48
199312   ,5.03   ,5.36   ,6.76   ,5.88   ,6.08   ,6.04
199401  ,12.74  ,12.31  ,13.09   ,9.05   ,8.89  ,13.00
199402   ,1.13   ,1.65   ,2.25  ,-0.89  ,-0.83   ,0.59
199403  ,-0.21  ,-0.06  ,-1.93  ,-1.87  ,-3.46  ,-3.30
199404   ,3.96   ,4.59   ,3.60   ,3.61   ,4.35   ,2.08
199405  ,-0.51  ,-0.56  ,-0.85  ,-0.95  ,-0.27  ,-0.23
199406   ,2.98   ,2.09   ,1.14   ,1.02   ,1.66   ,3.52
199407  ,-0.09   ,0.71   ,1.22   ,1.79   ,0.90  ,-1.55
199408   ,0.46   ,0.51   ,0.28   ,1.14   ,1.89   ,1.46
199409  ,-1.92  ,-2.19  ,-0.95  ,-3.35  ,-2.77  ,-2.52
199410   ,0.86   ,1.47   ,1.80   ,2.28   ,3.14   ,3.68
199411  ,-6.67  ,-6.19  ,-5.88  ,-4.40  ,-5.77  ,-6.24
199412  ,-0.01   ,1.51   ,1.30   ,1.01   ,1.28   ,1.02
199501  ,-2.37  ,-2.17  ,-3.47  ,-3.99  ,-3.79  ,-6.02
199502  ,-0.92  ,-0.73   ,0.32  ,-1.30  ,-0.76  ,-0.83
199503   ,2.10   ,3.67   ,4.35   ,8.04   ,6.37   ,4.40
199504   ,1.42   ,1.68   ,2.09   ,3.35   ,3.06   ,4.46
199505  ,-1.25  ,-1.12  ,-0.68  ,-2.29  ,-1.46  ,-1.14
199506  ,-1.32  ,-1.22   ,0.76  ,-2.01  ,-1.92  ,-0.15
199507   ,4.39   ,4.40   ,3.86   ,6.29   ,5.47   ,4.82
199508  ,-0.23  ,-1.48  ,-1.32  ,-2.42  ,-3.77  ,-2.52
199509  ,-1.66   ,0.37   ,2.49  ,-0.97   ,0.68   ,2.15
199510  ,-3.20  ,-1.50  ,-0.62  ,-3.74  ,-1.81  ,-1.17
199511   ,0.27   ,0.94   ,1.26   ,1.39   ,2.35   ,2.47
199512   ,4.88   ,3.02   ,2.59   ,4.95   ,4.01   ,2.28
199601   ,2.83   ,1.55   ,2.72   ,1.54   ,0.67  ,-0.34
199602   ,1.36   ,1.67   ,2.69   ,0.45   ,0.20   ,0.42
199603   ,0.83   ,2.14   ,2.41   ,1.41   ,1.58   ,2.71
199604   ,4.61   ,5.35   ,6.09   ,4.51   ,3.18   ,3.18
199605   ,0.29   ,0.63   ,2.43  ,-1.91  ,-0.77  ,-1.04
199606  ,-0.92   ,0.29  ,-1.51  ,-0.58   ,0.47   ,0.86
199607  ,-1.94  ,-2.90  ,-5.68  ,-2.59  ,-2.97  ,-3.87
199608  ,-0.10   ,0.16   ,2.16  ,-1.15   ,0.19   ,0.87
199609  ,-1.46   ,0.04   ,0.61   ,2.38   ,2.18   ,3.25
199610  ,-0.59  ,-0.07   ,0.71  ,-3.22  ,-0.64  ,-0.10
199611   ,0.72   ,1.29   ,1.47   ,2.65   ,3.27   ,4.77
199612  ,-2.88  ,-2.61  ,-2.76  ,-2.87  ,-1.05   ,0.03
199701  ,-2.80  ,-3.22  ,-1.05  ,-5.22  ,-3.89  ,-2.03
199702   ,0.63   ,1.61   ,2.04   ,1.47   ,1.66   ,0.68
199703  ,-3.45  ,-2.49  ,-1.91  ,-1.28   ,0.50  ,-0.38
199704  ,-2.98  ,-1.57  ,-1.04  ,-1.58  ,-0.23   ,3.62
199705   ,9.73   ,7.64   ,6.94   ,7.49   ,6.89   ,8.84
199706   ,0.54   ,2.49   ,1.03   ,5.74   ,4.42   ,4.61
199707  ,-6.18  ,-2.84   ,1.30  ,-3.18   ,0.49   ,5.28
199708  ,-4.14  ,-3.16   ,0.46  ,-4.87  ,-6.68  ,-7.87
199709  ,-3.47   ,0.28   ,3.98   ,0.81   ,4.58   ,8.63
199710  ,-2.35  ,-3.65  ,-8.52  ,-8.16  ,-6.85  ,-7.35
199711 ,-10.69  ,-4.98  ,-4.80  ,-4.60  ,-0.29  ,-1.21
199712  ,-8.22  ,-3.52  ,-1.19  ,-3.71   ,0.94   ,1.95
199801  ,11.03   ,1.70   ,0.44   ,3.99   ,3.35   ,4.66
199802   ,8.08   ,6.01   ,8.35   ,8.70   ,7.37   ,4.42
199803  ,-1.30   ,2.71   ,6.87   ,1.84   ,4.62   ,3.13
199804  ,-0.77   ,1.32   ,2.60   ,2.09   ,0.70   ,1.16
199805  ,-2.06  ,-0.36   ,0.50  ,-0.71   ,0.11   ,0.44
199806  ,-3.65  ,-3.15  ,-4.12  ,-2.68   ,0.18   ,1.36
199807  ,-3.35  ,-2.18   ,0.30  ,-2.56   ,0.61   ,3.45
199808 ,-12.21  ,-9.31 ,-11.15 ,-12.24 ,-11.10 ,-12.43
199809  ,-2.00  ,-1.57  ,-2.70   ,0.79  ,-2.47  ,-5.84
199810   ,8.39   ,6.04   ,6.41  ,12.24   ,9.75   ,8.36
199811   ,4.47   ,2.85   ,4.17   ,5.48   ,4.28   ,3.63
199812  ,-0.70   ,1.69   ,3.25  ,-0.46   ,2.28   ,7.03
199901  ,-0.92  ,-1.34   ,4.26   ,0.02  ,-1.73   ,4.08
199902  ,-0.97  ,-1.37   ,1.32   ,0.12  ,-2.61  ,-3.34
199903   ,7.50   ,3.62   ,4.54   ,9.96   ,4.17   ,0.20
199904  ,11.15   ,5.85   ,6.72   ,9.03   ,5.11   ,1.01
199905  ,-1.02  ,-1.17   ,0.23  ,-4.82  ,-4.90  ,-3.35
199906   ,4.81   ,5.92  ,12.41   ,4.09   ,4.28   ,5.30
199907   ,3.26   ,3.67   ,6.16   ,3.22   ,2.88   ,4.11
199908   ,1.07   ,1.65   ,8.64   ,1.02   ,0.80   ,2.43
199909   ,0.27   ,1.34   ,3.65   ,0.53   ,0.91   ,3.65
199910  ,-2.63  ,-1.92   ,2.90   ,0.25   ,2.96   ,7.25
199911  ,-2.83  ,-1.93   ,6.06  ,-2.59   ,2.04  ,14.77
199912   ,0.65   ,2.55   ,4.65   ,3.07   ,6.03  ,14.93
200001  ,-1.88  ,-0.23   ,1.44  ,-9.23  ,-5.88  ,-6.10
200002   ,0.21  ,-0.57   ,9.70  ,-1.96   ,0.27   ,8.66
200003   ,6.49   ,4.30  ,-4.41   ,7.62   ,7.08  ,-4.14
200004  ,-5.24  ,-5.75 ,-15.47  ,-1.39  ,-4.10 ,-10.07
200005   ,2.58   ,2.50  ,-3.56   ,4.28   ,0.69  ,-8.87
200006   ,6.63   ,5.12   ,4.66   ,3.27   ,3.65   ,3.06
200007  ,-4.43  ,-3.63  ,-4.46  ,-2.63  ,-1.97  ,-6.14
200008   ,1.02   ,2.24   ,5.96   ,0.95   ,0.43   ,3.38
200009  ,-3.85  ,-2.96  ,-4.77  ,-2.58  ,-2.77  ,-8.01
200010  ,-8.14  ,-5.76  ,-9.56   ,1.15  ,-2.31  ,-7.19
200011  ,-1.93  ,-0.57  ,-6.71  ,-3.53  ,-0.59  ,-8.08
200012   ,1.27   ,1.94   ,2.99  ,-2.14   ,4.28   ,1.48
200101   ,3.74   ,1.14   ,1.79   ,5.71  ,-0.57  ,-4.03
200102  ,-4.99  ,-0.31  ,-3.04 ,-14.05  ,-5.96  ,-3.82
200103 ,-10.45  ,-5.55  ,-6.70  ,-9.55  ,-7.44  ,-6.43
200104   ,6.57   ,7.51   ,8.02  ,11.96   ,6.48   ,5.35
200105  ,-1.74   ,0.43   ,1.78  ,-7.28  ,-0.59  ,-0.83
200106  ,-7.93  ,-0.58  ,-0.85  ,-8.25  ,-1.93   ,0.53
200107  ,-5.69  ,-2.39  ,-2.99  ,-3.78  ,-1.96  ,-1.95
200108  ,-3.57   ,1.85   ,3.23  ,-7.94   ,0.41   ,1.53
200109 ,-19.26  ,-9.38  ,-9.59 ,-13.82  ,-9.54  ,-7.50
200110   ,7.25   ,2.57   ,3.29   ,6.07   ,0.81   ,2.00
200111   ,8.24   ,1.27  ,-0.63   ,8.54   ,1.51  ,-0.42
200112  ,-2.72  ,-2.31  ,-1.98  ,-1.92   ,1.17   ,0.57
200201  ,-2.36  ,-2.22  ,-0.94  ,-7.28  ,-3.85  ,-2.77
200202  ,-0.59   ,2.98   ,3.86  ,-1.74   ,2.72   ,2.26
200203   ,5.67   ,3.52   ,3.83   ,8.55   ,4.30   ,3.12
200204   ,1.27   ,3.84   ,4.81  ,-2.44   ,2.24   ,2.21
200205   ,2.84   ,5.61   ,7.12   ,0.96   ,2.05   ,3.32
200206  ,-6.38  ,-0.35  ,-0.30  ,-6.83  ,-2.02  ,-0.21
200207  ,-8.62  ,-5.45  ,-5.01 ,-10.96  ,-8.88  ,-8.04
200208  ,-3.28  ,-0.52   ,0.67  ,-0.68   ,0.71  ,-0.23
200209 ,-13.68  ,-5.99  ,-5.54 ,-14.71  ,-9.36  ,-5.45
200210  ,-0.44  ,-1.61   ,0.10   ,8.48   ,2.98   ,1.35
200211   ,5.13   ,1.71   ,1.74   ,8.50   ,2.30   ,1.38
200212  ,-3.79   ,1.53   ,3.60  ,-7.81  ,-1.23   ,2.45
200301  ,-0.74   ,0.04   ,2.05  ,-2.35  ,-3.83  ,-1.55
200302  ,-2.08   ,0.28   ,1.38  ,-4.94  ,-0.86   ,0.65
200303  ,-2.52  ,-0.27  ,-0.39  ,-2.92  ,-1.20  ,-1.07
200304  ,12.42   ,6.76   ,6.03  ,12.47   ,9.17   ,5.13
200305  ,13.35   ,7.93   ,7.63   ,8.03   ,6.52   ,6.34
200306   ,8.26   ,5.12   ,3.78   ,4.78   ,2.43   ,0.34
200307   ,5.70   ,2.57   ,2.59   ,4.41   ,1.46  ,-0.31
200308   ,7.06   ,4.25   ,6.61   ,4.57   ,2.07   ,1.83
200309   ,7.17   ,6.69   ,7.16   ,3.69   ,3.36   ,4.31
200310   ,4.63   ,4.56   ,8.13   ,3.33   ,6.37   ,8.16
200311   ,0.54   ,1.31   ,0.45   ,3.14   ,2.44  ,-0.56
200312   ,4.57   ,5.68   ,5.90   ,7.15   ,7.06   ,6.61
200401   ,4.01   ,4.74   ,7.81   ,1.32   ,1.96   ,4.36
200402   ,2.44   ,3.34   ,3.15   ,2.41   ,2.49   ,2.27
200403   ,3.94   ,5.59   ,4.73   ,0.43   ,0.15   ,2.95
200404  ,-2.54  ,-1.91  ,-2.55  ,-1.43  ,-3.39  ,-3.93
200405  ,-0.69  ,-0.82  ,-2.74   ,0.78   ,0.68  ,-1.21
200406   ,2.66   ,4.80   ,5.57   ,2.00   ,2.94   ,3.79
200407  ,-3.36  ,-2.83  ,-4.36  ,-3.35  ,-2.47  ,-5.87
200408  ,-0.34   ,1.09   ,1.41   ,0.55   ,0.39   ,2.46
200409   ,2.45   ,2.23   ,2.47   ,1.92   ,3.52   ,2.43
200410   ,3.24   ,3.94   ,4.03   ,3.83   ,4.01   ,3.36
200411   ,6.31   ,6.75   ,7.35   ,5.94   ,6.30   ,6.26
200412   ,3.03   ,4.68   ,5.06   ,3.68   ,4.95   ,3.98
200501   ,1.51   ,2.66   ,3.33  ,-2.11  ,-1.43  ,-0.47
200502   ,3.41   ,4.36   ,6.06   ,3.65   ,4.38   ,3.98
200503  ,-2.67  ,-0.72  ,-0.61  ,-1.53  ,-2.23  ,-2.26
200504  ,-3.07  ,-1.50  ,-1.46  ,-2.88  ,-1.91  ,-2.72
200505  ,-2.75  ,-2.07  ,-1.77  ,-0.18  ,-0.23   ,0.80
200506   ,1.66   ,2.57   ,3.79   ,0.77   ,2.05   ,4.38
200507   ,2.68   ,2.90   ,4.72   ,3.45   ,3.03   ,4.32
200508   ,2.25   ,3.51   ,4.69   ,2.61   ,2.95   ,6.11
200509   ,1.25   ,2.72   ,3.94   ,2.97   ,3.96   ,5.91
200510  ,-2.52  ,-1.52  ,-1.91  ,-2.50  ,-2.97  ,-4.43
200511   ,0.93   ,2.74   ,2.96   ,1.92   ,2.78   ,2.87
200512   ,5.33   ,7.08   ,8.71   ,4.71   ,5.08   ,6.45
200601   ,6.04   ,6.52   ,7.94   ,4.07   ,6.07   ,8.29
200602  ,-0.28  ,-1.16  ,-0.62   ,1.02  ,-0.16  ,-1.37
200603   ,3.19   ,4.11   ,5.90   ,3.09   ,3.24   ,4.85
200604   ,4.06   ,4.81   ,7.01   ,4.52   ,5.01   ,5.00
200605  ,-4.91  ,-5.73  ,-6.69  ,-2.08  ,-4.49  ,-6.13
200606  ,-2.28  ,-2.31  ,-3.07  ,-0.04  ,-0.04  ,-0.62
200607  ,-2.55  ,-1.44  ,-1.14   ,0.67   ,1.21   ,0.24
200608   ,2.56   ,2.41   ,3.22   ,2.29   ,3.77   ,1.86
200609  ,-1.29  ,-0.66  ,-0.40   ,0.30   ,0.22  ,-0.16
200610   ,2.46   ,2.61   ,4.89   ,4.20   ,3.75   ,3.78
200611   ,2.11   ,2.99   ,5.00   ,3.11   ,2.95   ,3.36
200612   ,1.23   ,2.73   ,3.32   ,2.10   ,2.88   ,5.12
200701   ,2.35   ,2.47   ,3.43   ,0.43   ,1.20   ,0.66
200702   ,1.76   ,2.67   ,2.80   ,0.13   ,0.56   ,2.04
200703   ,1.35   ,2.83   ,4.80   ,2.77   ,3.17   ,2.63
200704   ,2.34   ,3.18   ,7.32   ,4.72   ,4.73   ,2.95
200705   ,0.61   ,1.20   ,3.61   ,2.73   ,2.11   ,2.44
200706   ,1.27   ,1.46   ,2.44   ,1.02  ,-0.51   ,0.64
200707  ,-0.40   ,0.75   ,2.30  ,-1.67  ,-1.93   ,0.64
200708  ,-6.15  ,-5.43  ,-7.36  ,-2.07  ,-1.02  ,-2.32
200709   ,1.22   ,2.92   ,5.96   ,3.62   ,6.25   ,8.04
200710   ,4.24   ,3.43   ,6.92   ,3.66   ,4.47   ,5.79
200711  ,-7.73  ,-5.45  ,-8.56  ,-4.84  ,-2.92  ,-4.56
200712  ,-3.01  ,-1.99  ,-2.41  ,-3.27  ,-0.82  ,-1.81
200801  ,-8.43  ,-7.55 ,-11.00  ,-7.47  ,-8.76  ,-9.29
200802   ,4.36   ,3.43   ,5.68  ,-0.88   ,2.07   ,3.51
200803  ,-4.22  ,-1.49  ,-1.76  ,-0.99  ,-0.87  ,-1.88
200804   ,3.20   ,2.39   ,2.39   ,7.58   ,4.94   ,5.49
200805   ,2.61   ,1.94   ,3.21  ,-0.89   ,2.03   ,3.34
200806 ,-10.12  ,-5.64  ,-3.70 ,-13.41  ,-8.17  ,-4.39
200807  ,-5.79  ,-4.20  ,-5.54  ,-1.68  ,-2.76  ,-6.08
200808  ,-5.74  ,-5.45  ,-6.50  ,-2.52  ,-4.29  ,-5.37
200809 ,-17.76 ,-14.03 ,-14.31 ,-15.23 ,-12.82 ,-15.18
200810 ,-28.06 ,-20.28 ,-20.41 ,-26.82 ,-20.54 ,-16.68
200811  ,-8.36  ,-4.56  ,-2.38  ,-6.72  ,-4.91  ,-5.37
200812   ,7.68   ,7.07   ,7.38   ,7.74   ,7.36   ,5.03
200901  ,-4.62  ,-5.60  ,-5.22 ,-10.39  ,-9.95  ,-8.60
200902  ,-9.36  ,-9.02  ,-7.81 ,-11.00 ,-10.14  ,-9.58
200903  ,10.73   ,3.69   ,1.74  ,12.18   ,6.36   ,2.41
200904  ,26.43  ,10.86   ,4.26  ,26.21  ,12.41   ,3.34
200905  ,24.36  ,15.25  ,11.57  ,15.96  ,13.75  ,10.10
200906   ,1.36   ,2.00   ,1.91  ,-1.34  ,-1.97   ,0.92
200907   ,8.18   ,5.58   ,6.46  ,10.05   ,9.75   ,8.70
200908   ,9.61   ,5.13   ,4.21   ,6.80   ,4.03   ,0.47
200909   ,7.50   ,4.32   ,4.76   ,4.04   ,4.94   ,4.37
200910  ,-0.89  ,-0.40  ,-0.04  ,-4.05  ,-1.00  ,-1.12
200911  ,-0.95  ,-0.11   ,0.82   ,2.15   ,3.11   ,2.46
200912  ,-0.99  ,-0.54   ,1.10   ,0.94   ,1.36   ,2.28
201001  ,-0.00   ,0.11  ,-0.45  ,-3.73  ,-4.66  ,-5.09
201002  ,-0.67  ,-0.25   ,0.18  ,-0.53  ,-0.14  ,-0.00
201003   ,3.71   ,5.70   ,7.36   ,4.48   ,6.57   ,9.32
201004   ,1.69   ,2.98   ,3.57  ,-1.36  ,-0.93  ,-0.84
201005 ,-10.87 ,-10.73 ,-11.44 ,-10.69 ,-10.36 ,-11.79
201006  ,-1.59  ,-0.13  ,-1.61  ,-2.22  ,-0.42  ,-2.02
201007   ,7.23   ,6.67   ,7.55  ,11.65   ,8.12   ,9.69
201008  ,-4.42  ,-2.45  ,-1.95  ,-5.29  ,-2.61  ,-1.69
201009   ,8.82   ,9.57  ,12.17   ,9.11  ,10.21  ,10.81
201010   ,2.68   ,3.35   ,3.62   ,4.16   ,4.00   ,3.96
201011  ,-3.68  ,-1.59   ,1.26  ,-7.66  ,-4.13  ,-1.35
201012   ,9.93   ,9.83  ,10.90   ,8.53   ,7.50   ,8.67
201101   ,1.78   ,2.38   ,1.50   ,5.41   ,0.85   ,0.17
201102   ,2.08   ,2.89   ,3.82   ,3.82   ,3.47   ,2.96
201103  ,-1.25  ,-0.56  ,-1.76  ,-2.84  ,-1.18  ,-0.90
201104   ,2.58   ,3.53   ,5.08   ,4.97   ,5.95   ,6.92
201105  ,-4.40  ,-2.63  ,-2.37  ,-2.96  ,-2.64  ,-2.73
201106  ,-2.43  ,-0.31  ,-1.92  ,-2.84  ,-1.00  ,-0.27
201107  ,-0.53   ,1.64   ,1.47  ,-3.00  ,-1.44   ,0.43
201108  ,-7.80  ,-5.89  ,-7.75  ,-9.52  ,-7.11 ,-10.79
201109 ,-11.27  ,-7.85 ,-11.78  ,-9.65  ,-9.30 ,-13.30
201110   ,6.63   ,4.48   ,6.03   ,9.98   ,9.13   ,9.26
201111  ,-8.67  ,-4.39  ,-3.18  ,-7.74  ,-4.33  ,-2.34
201112  ,-2.46  ,-0.97  ,-0.44  ,-2.90  ,-1.36   ,0.20
201201  ,11.20   ,6.87   ,6.27  ,11.32   ,5.50   ,2.39
201202   ,7.54   ,4.30   ,3.34   ,9.03   ,4.43   ,4.31
201203  ,-2.66   ,1.19   ,1.89  ,-2.31  ,-0.60   ,1.43
201204  ,-3.97  ,-0.39   ,1.43  ,-6.68  ,-0.49   ,0.72
201205 ,-14.91  ,-9.00  ,-9.10 ,-15.11 ,-11.29  ,-8.14
201206   ,2.35   ,2.66   ,3.19   ,7.75   ,5.63   ,5.66
201207  ,-1.87  ,-0.38   ,1.15  ,-2.65   ,1.93   ,2.63
201208   ,2.84   ,2.20   ,2.01   ,3.99   ,2.82   ,2.61
201209   ,4.93   ,3.74   ,4.18   ,4.82   ,2.88   ,2.79
201210  ,-0.23  ,-0.66   ,0.95   ,1.70   ,0.71   ,0.60
201211  ,-0.94   ,0.41   ,0.90   ,0.84   ,1.83   ,3.38
201212   ,5.74   ,3.18   ,4.07   ,4.03   ,2.89   ,2.79
201301   ,5.48   ,5.07   ,6.95   ,4.76   ,5.30   ,5.49
201302  ,-2.38   ,0.47   ,1.79  ,-3.78  ,-0.38   ,0.60
201303  ,-1.60   ,2.72   ,5.21  ,-1.85   ,1.04   ,2.21
201304  ,-0.70   ,3.71   ,6.24   ,3.40   ,4.38   ,6.08
201305  ,-1.07  ,-2.48  ,-2.91  ,-0.40  ,-2.01  ,-2.33
201306  ,-4.40  ,-2.12  ,-3.92  ,-5.46  ,-3.53  ,-2.98
201307   ,4.49   ,4.63   ,6.22   ,5.22   ,5.16   ,6.59
201308   ,1.21  ,-0.17   ,0.00   ,0.66  ,-1.95  ,-2.02
201309   ,6.41   ,8.08  ,10.18   ,6.15   ,6.64   ,8.65
201310   ,1.35   ,3.00   ,2.75   ,3.38   ,3.42   ,3.44
201311  ,-2.09   ,0.39   ,2.23  ,-0.33   ,0.51   ,2.24
201312   ,0.72   ,2.04   ,2.55   ,1.04   ,1.71   ,2.45
201401   ,0.16   ,0.31   ,0.75  ,-3.24  ,-4.19  ,-2.64
201402   ,2.93   ,3.13   ,4.24   ,5.33   ,5.65   ,5.75
201403   ,0.23   ,0.89   ,0.10   ,0.31   ,0.42  ,-2.44
201404   ,0.07   ,0.69  ,-1.26   ,2.82   ,1.43  ,-1.45
201405   ,0.61   ,1.10   ,1.19   ,1.71   ,1.56   ,0.98
201406   ,3.69   ,3.36   ,3.86   ,0.95   ,1.41   ,1.32
201407  ,-1.82  ,-1.13  ,-1.01  ,-2.09  ,-1.67  ,-2.32
201408  ,-0.49  ,-0.08   ,0.54  ,-0.31  ,-0.09  ,-0.54
201409  ,-6.59  ,-4.74  ,-5.07  ,-4.60  ,-3.79  ,-3.50
201410  ,-5.29  ,-2.81  ,-3.12  ,-2.02  ,-1.21  ,-2.01
201411  ,-1.78  ,-0.68  ,-0.73   ,0.71   ,1.33   ,0.73
201412  ,-3.22  ,-0.37  ,-1.00  ,-4.13  ,-2.99  ,-2.20
201501  ,-3.23  ,-0.17  ,-0.09  ,-2.81  ,-0.14   ,1.91
201502   ,6.00   ,4.30   ,3.84   ,8.01   ,5.60   ,3.90
201503  ,-2.10  ,-0.35   ,0.85  ,-2.18  ,-1.06  ,-1.02
201504   ,7.74   ,6.31   ,8.42   ,6.51   ,4.60   ,3.18
201505  ,-0.28   ,1.12   ,3.86  ,-2.21  ,-0.24   ,0.30
201506  ,-1.97  ,-0.11  ,-0.12  ,-3.99  ,-2.36  ,-2.42
201507  ,-3.17  ,-0.62  ,-2.80  ,-0.48   ,1.78   ,1.61
201508  ,-4.86  ,-3.07  ,-6.18  ,-7.40  ,-6.12  ,-6.23
201509  ,-5.13  ,-2.64  ,-1.31  ,-7.76  ,-3.54  ,-3.93
201510   ,5.87   ,4.79   ,3.95   ,8.56   ,6.81   ,5.29
201511  ,-2.66  ,-0.20   ,0.88  ,-1.98  ,-1.29  ,-0.52
201512  ,-1.02   ,1.06   ,2.12  ,-2.93  ,-1.00   ,0.23
201601  ,-8.14  ,-6.65  ,-7.92  ,-8.10  ,-6.22  ,-5.80
201602   ,0.97   ,0.17  ,-0.07  ,-0.95  ,-1.78  ,-0.50
201603  ,10.67   ,7.56   ,8.77   ,7.39   ,6.53   ,6.63
201604   ,5.72   ,3.69   ,3.48   ,4.68   ,2.44   ,2.29
201605  ,-2.17  ,-0.97   ,0.65  ,-2.40  ,-0.48   ,0.70
201606  ,-5.67  ,-2.83  ,-0.82  ,-7.27  ,-2.30   ,0.80
201607   ,5.08   ,5.16   ,5.79   ,6.83   ,4.25   ,3.91
201608   ,1.17  ,-0.12  ,-0.82   ,3.08  ,-0.43  ,-3.12
201609   ,2.47   ,3.50   ,5.12  ,-0.14   ,1.66   ,2.82
201610  ,-0.30  ,-0.75  ,-1.89  ,-0.83  ,-1.94  ,-2.41
201611   ,0.16  ,-2.25  ,-4.22   ,0.00  ,-2.81  ,-4.08
201612   ,3.14   ,2.03   ,1.66   ,3.75   ,3.20   ,1.09
201701   ,3.74   ,4.70   ,6.37   ,1.90   ,3.43   ,5.01
201702   ,1.58   ,1.50   ,1.33   ,2.09   ,0.85  ,-0.76
201703   ,1.70   ,2.24   ,1.83   ,2.73   ,3.26   ,3.52
201704   ,1.43   ,2.38   ,1.60   ,3.14   ,2.82   ,2.78
201705   ,1.55   ,3.00   ,4.52   ,4.81   ,3.67   ,2.45
201706   ,1.39   ,2.18   ,1.67  ,-1.16   ,0.53   ,1.15
201707   ,2.98   ,3.72   ,4.04   ,2.26   ,3.28   ,4.28
201708  ,-0.25   ,0.57   ,1.65  ,-0.03   ,0.25   ,0.69
201709   ,1.97   ,1.80   ,3.24   ,2.04   ,2.23   ,2.48
201710   ,0.29   ,1.57   ,2.48   ,0.56   ,1.76   ,2.10
201711  ,-0.44   ,1.19   ,1.49   ,0.63   ,0.93   ,0.68
201712   ,3.38   ,3.24   ,3.27   ,2.01   ,1.99   ,0.79
201801   ,3.97   ,4.80   ,6.22   ,3.63   ,4.96   ,6.01
201802  ,-3.85  ,-2.18  ,-2.80  ,-4.41  ,-4.81  ,-3.19
201803  ,-1.59  ,-1.01  ,-1.76  ,-0.64  ,-1.19  ,-1.51
201804   ,1.03   ,0.57  ,-0.71   ,1.81   ,2.11   ,2.19
201805  ,-1.28  ,-0.97   ,0.60  ,-2.62  ,-2.10   ,0.34
201806  ,-2.76  ,-2.19  ,-2.63   ,0.21  ,-1.88  ,-2.05
201807   ,0.15   ,0.10  ,-0.77   ,3.32   ,2.06   ,0.90
201808  ,-1.83  ,-1.72  ,-0.36  ,-2.93  ,-2.07  ,-0.57
201809  ,-0.33   ,0.41   ,0.72   ,0.22   ,0.83   ,1.61
201810  ,-9.15  ,-7.76 ,-11.61  ,-8.11  ,-7.41 ,-10.17
201811   ,0.38   ,0.12  ,-0.72   ,0.67   ,0.98  ,-2.00
201812  ,-7.85  ,-5.92  ,-6.78  ,-6.82  ,-4.54  ,-3.92
201901   ,7.48   ,4.69   ,6.21   ,8.65   ,6.83   ,5.31
201902   ,2.74   ,1.42   ,2.02   ,2.63   ,2.33   ,2.78
201903  ,-2.01  ,-0.48   ,0.62  ,-1.44   ,0.12   ,2.73
201904   ,3.51   ,1.65   ,2.43   ,6.61   ,3.07   ,1.03
201905  ,-6.37  ,-3.29  ,-1.33 ,-10.09  ,-4.44  ,-1.63
201906   ,2.98   ,2.92   ,2.54   ,5.75   ,5.34   ,5.38
201907  ,-0.93  ,-1.21  ,-0.27  ,-1.41  ,-1.85  ,-1.12
201908  ,-5.14  ,-2.65  ,-2.52  ,-4.35  ,-2.32  ,-0.99
201909   ,3.41   ,2.03   ,0.80   ,4.81   ,3.28   ,0.90
201910   ,3.58   ,4.11   ,3.87   ,4.48   ,3.78   ,2.29
201911   ,1.95   ,1.34   ,2.38   ,1.76   ,1.37   ,1.30
201912   ,4.81   ,4.62   ,5.70   ,3.25   ,3.07   ,3.85
202001  ,-4.40  ,-2.60  ,-1.81  ,-4.35  ,-2.01  ,-0.35
202002 ,-10.39 ,-10.14 ,-11.80  ,-8.63  ,-8.84  ,-7.99
202003 ,-18.79 ,-12.97 ,-14.32 ,-18.72 ,-14.15  ,-8.76
202004  ,12.71   ,8.23  ,12.71   ,4.98   ,6.74   ,7.99
202005   ,6.72   ,5.93   ,7.22   ,3.57   ,4.99   ,5.46
202006   ,1.58   ,1.56   ,4.23   ,2.58   ,3.01   ,4.35
202007  ,-0.36   ,1.91   ,6.55  ,-1.83   ,2.97   ,4.84
202008   ,9.04   ,6.33   ,8.30   ,7.71   ,5.87   ,4.11
202009  ,-1.72   ,0.71   ,0.95  ,-5.64  ,-1.64  ,-0.39
202010  ,-2.96  ,-2.57  ,-2.80  ,-3.20  ,-3.81  ,-3.13
202011  ,20.92   ,9.61  ,10.00  ,23.96  ,12.69  ,10.26
202012   ,6.73   ,5.80   ,8.23   ,4.67   ,4.62   ,5.55
202101   ,0.37  ,-0.08   ,1.76  ,-0.91  ,-1.40  ,-0.75
202102   ,6.48   ,2.09   ,3.19   ,6.83   ,1.10   ,1.07
202103   ,2.69   ,2.87   ,0.27   ,3.85   ,3.76   ,0.21
202104   ,1.44   ,3.22   ,6.09   ,3.06   ,3.66   ,3.94
202105   ,1.23   ,2.46   ,2.13   ,3.37   ,4.17   ,2.47
202106  ,-1.38  ,-1.10  ,-0.76  ,-0.21  ,-1.47  ,-1.51
202107  ,-0.62   ,1.09   ,0.04   ,0.52   ,1.08   ,0.48
202108   ,1.52   ,2.41   ,2.66   ,1.92   ,1.09   ,1.89
202109  ,-2.26  ,-1.03  ,-1.71  ,-4.93  ,-2.11  ,-2.61
202110  ,-0.83   ,0.81   ,3.32   ,2.34   ,2.93   ,3.05
202111  ,-5.99  ,-4.95  ,-4.77  ,-4.22  ,-3.44  ,-4.70
202112   ,2.06   ,3.37   ,3.27   ,3.49   ,5.00   ,2.82
202201  ,-5.82  ,-4.38  ,-7.74  ,-2.51  ,-3.59  ,-7.75
202202  ,-1.41  ,-0.07  ,-0.54  ,-1.52  ,-1.83  ,-2.83
202203  ,-0.50  ,-1.05   ,1.68  ,-2.82   ,1.18   ,1.77
202204  ,-9.17  ,-6.10  ,-6.57  ,-8.54  ,-6.37  ,-5.37
202205  ,-0.89   ,0.10   ,0.49   ,1.81   ,1.36   ,1.00
202206 ,-10.73  ,-7.57  ,-9.83  ,-9.33  ,-9.56  ,-8.73
202207   ,6.17   ,3.98   ,6.12   ,6.23   ,6.40   ,2.74
202208  ,-5.00  ,-3.67  ,-1.33  ,-7.44  ,-5.07  ,-3.10
202209 ,-12.73  ,-9.67 ,-10.13 ,-11.65  ,-8.73  ,-9.00
202210   ,3.24   ,1.86   ,3.87   ,6.36   ,4.78   ,4.97
202211  ,12.03   ,9.64   ,8.83  ,14.53  ,12.34  ,10.77
202212  ,-0.44   ,2.29   ,1.25  ,-2.25  ,-1.09   ,0.14
202301   ,8.71   ,5.11   ,4.76  ,11.09   ,8.54   ,5.33
202302  ,-4.00  ,-2.71  ,-2.30  ,-3.42  ,-2.43  ,-2.02
202303  ,-0.72   ,1.42   ,1.59   ,2.70   ,3.66   ,1.60
202304   ,1.15   ,1.59   ,0.79   ,2.11   ,2.61   ,3.17
202305  ,-5.01  ,-3.75  ,-2.82  ,-3.59  ,-4.50  ,-3.70
202306   ,1.81   ,2.37   ,3.36   ,4.18   ,4.09   ,5.48
202307   ,3.98   ,3.44   ,3.37   ,4.38   ,2.82   ,2.21
202308  ,-4.22  ,-2.59  ,-3.21  ,-4.81  ,-3.53  ,-3.60
202309  ,-4.91  ,-3.30  ,-4.41  ,-4.66  ,-2.48  ,-4.72
202310  ,-6.15  ,-4.47  ,-4.52  ,-4.84  ,-3.73  ,-4.09
202311   ,8.39   ,6.69   ,8.10   ,8.32   ,7.83  ,10.98
202312   ,8.69   ,6.60   ,6.04   ,7.42   ,5.98   ,3.69
202401  ,-3.89  ,-1.53   ,0.10  ,-2.79  ,-0.82   ,1.99
202402  ,-1.69  ,-0.40   ,2.76   ,0.74   ,0.95   ,4.78
202403   ,2.57   ,3.13   ,3.28   ,2.24   ,3.33   ,4.17
202404  ,-2.34  ,-2.53  ,-3.15  ,-0.81  ,-2.60  ,-4.41
202405   ,4.37   ,3.63   ,4.95   ,3.12   ,4.00   ,4.82
202406  ,-3.30  ,-1.44  ,-1.58  ,-3.19  ,-1.59  ,-1.84
202407   ,4.17   ,5.62   ,4.31   ,3.62   ,3.56   ,2.11
202408   ,0.53   ,1.12   ,1.18   ,2.78   ,3.57   ,2.30
202409   ,2.58   ,2.33   ,2.27   ,3.41   ,1.17   ,0.53
202410  ,-5.29  ,-4.23  ,-4.67  ,-7.42  ,-4.33  ,-3.50
202411  ,-1.19  ,-0.61   ,0.69  ,-2.86  ,-0.02   ,1.72
202412  ,-1.75  ,-1.54  ,-1.79  ,-1.52  ,-3.10  ,-2.51
202501   ,1.96   ,1.74   ,1.87   ,3.45   ,4.54   ,5.53
202502  ,-0.10   ,0.95   ,0.07   ,0.78   ,2.20   ,1.95
202503   ,0.40   ,2.29   ,3.10  ,-2.68   ,1.48   ,0.45
202504   ,3.76   ,4.82   ,5.03   ,3.23   ,4.62   ,5.64
202505   ,5.72   ,4.70   ,6.42   ,4.53   ,4.41   ,5.86
202506   ,5.25   ,4.00   ,5.26   ,2.71   ,2.70   ,3.35
202507   ,0.85   ,0.05   ,0.83  ,-1.76  ,-2.22  ,-0.90
202508   ,4.82   ,5.57   ,7.03   ,4.99   ,4.34   ,4.21
202509   ,1.61   ,1.68   ,3.30   ,0.97   ,0.66   ,3.94
202510  ,-1.64  ,-1.58  ,-1.56   ,2.29   ,0.43   ,0.83
202511   ,0.22   ,1.56   ,0.89   ,0.16   ,1.88   ,0.25
202512   ,2.07   ,2.78   ,3.59   ,2.01   ,2.99   ,3.41
202601   ,2.77   ,4.73   ,8.42   ,0.05   ,4.01   ,8.09