Date,SMALL LoPRIOR,ME1 PRIOR2,SMALL HiPRIOR,BIG LoPRIOR,ME2 PRIOR2,BIG HiPRIOR
199001   ,0.08   ,9.66   ,6.42  ,-0.45   ,0.73   ,4.10
199002   ,5.64  ,15.68  ,10.74   ,4.79   ,2.89   ,3.83
199003  ,-5.88  ,-5.38  ,-9.03  ,-3.86  ,-4.58  ,-4.52
199004  ,-0.36  ,-3.67 ,-12.68  ,-2.03   ,0.42   ,1.33
199005   ,1.99   ,4.88  ,10.90   ,9.92   ,6.45  ,11.47
199006   ,0.08  ,-1.77  ,-3.05   ,1.68   ,7.58   ,4.32
199007   ,7.08  ,11.07  ,10.30   ,3.35   ,8.31   ,6.83
199008 ,-13.41 ,-14.60 ,-20.46 ,-12.01 ,-12.49 ,-14.84
199009  ,-5.90  ,-6.35  ,-8.23  ,-9.84 ,-11.53 ,-14.65
199010   ,5.99  ,-3.16  ,-2.21   ,0.00   ,0.85   ,1.77
199011  ,-4.66  ,-7.09  ,-4.51  ,-5.62  ,-3.67  ,-2.30
199012   ,2.36   ,1.76   ,3.37   ,3.66   ,1.21  ,-0.99
199101   ,1.05   ,4.60   ,1.38   ,2.93   ,0.86   ,1.42
199102  ,21.00   ,8.55   ,9.78  ,15.84  ,14.62   ,9.38
199103  ,-0.20   ,1.29   ,0.80  ,-0.92   ,3.67   ,4.99
199104  ,-0.49  ,-8.28   ,5.60  ,-2.27   ,2.40   ,1.00
199105   ,0.61   ,8.74   ,2.84   ,2.27   ,4.36   ,7.32
199106  ,-2.36  ,-3.06   ,0.73  ,-4.00  ,-2.98  ,-4.54
199107  ,-5.98  ,-1.65  ,-5.23   ,1.32   ,6.03   ,0.76
199108  ,-5.29  ,-4.05  ,-1.31   ,2.05   ,3.20  ,-2.21
199109  ,-3.05  ,-0.71  ,-1.13  ,-0.90  ,-2.08  ,-2.84
199110   ,0.94   ,1.32   ,2.89   ,7.90   ,4.60   ,7.52
199111   ,1.69   ,3.72   ,0.03  ,-1.53   ,1.52  ,-1.46
199112   ,0.40   ,8.48   ,1.94   ,7.61   ,7.59   ,8.12
199201   ,5.72  ,-0.46   ,4.71   ,3.90   ,6.52  ,11.55
199202   ,8.87   ,4.57   ,7.87  ,-0.96   ,0.15   ,5.23
199203  ,-1.70  ,-0.03   ,3.21   ,0.49  ,-5.79  ,-2.51
199204   ,3.00   ,3.48   ,5.23   ,1.24  ,-0.49  ,-1.55
199205   ,0.57  ,-1.23   ,3.83  ,-4.43  ,-0.16   ,0.07
199206  ,-9.48  ,-5.99  ,-0.65  ,-5.79  ,-4.00  ,-5.52
199207  ,-3.95   ,1.08   ,2.76  ,-3.50  ,-1.75   ,0.64
199208  ,-7.62  ,-4.71  ,-0.21  ,-4.88  ,-4.42  ,-0.96
199209  ,-1.94  ,-2.97  ,-7.28  ,-2.06   ,0.05  ,-0.40
199210   ,6.37   ,5.56   ,6.63   ,6.09   ,3.17   ,3.18
199211  ,-0.69   ,1.82  ,-3.62   ,2.38  ,-1.70  ,-1.59
199212   ,0.74   ,3.10   ,3.63   ,2.72   ,1.02   ,1.54
199301  ,-0.99  ,-1.81  ,-1.33  ,-1.42   ,0.37   ,1.10
199302   ,1.32   ,4.58   ,7.58   ,3.84   ,1.46   ,4.44
199303   ,5.18   ,4.00   ,2.85   ,4.17   ,3.04   ,0.20
199304   ,4.05   ,8.38   ,6.21   ,2.88   ,1.78   ,5.87
199305   ,6.61  ,12.57  ,11.02   ,3.24   ,5.48   ,2.58
199306  ,-0.19  ,-1.95  ,-4.60   ,2.36   ,0.10  ,-0.50
199307   ,3.84   ,4.59   ,6.12   ,3.64   ,4.89   ,2.67
199308   ,8.05  ,10.16   ,9.54   ,6.37   ,9.23   ,8.98
199309   ,4.65   ,9.91  ,12.93   ,3.07   ,4.41   ,6.35
199310   ,5.70  ,10.32  ,19.32   ,8.44   ,9.48  ,12.99
199311   ,3.22  ,10.67  ,10.18   ,2.68   ,6.58   ,5.97
199312  ,17.21  ,22.11  ,20.51  ,18.16  ,20.83  ,17.43
199401   ,6.35  ,-4.61 ,-12.45  ,-0.89  ,-1.74  ,-1.10
199402   ,0.46  ,10.96   ,5.91  ,-1.69  ,-1.21  ,-1.24
199403  ,-7.43 ,-10.95 ,-11.26 ,-10.67 ,-11.94 ,-12.30
199404  ,-3.67  ,-0.95   ,1.59   ,1.70   ,0.31  ,-0.42
199405   ,0.76  ,-2.28  ,-2.05   ,2.48   ,2.53  ,-0.85
199406  ,-0.84   ,0.90  ,-2.76  ,-3.87  ,-2.37  ,-2.42
199407   ,4.50   ,5.21   ,4.77   ,6.63   ,6.22   ,8.11
199408  ,13.45  ,15.74  ,20.15   ,7.19  ,11.33  ,13.28
199409   ,4.99   ,6.34   ,7.26   ,1.17   ,1.95   ,3.12
199410  ,-1.44  ,-3.29  ,-2.81  ,-4.65  ,-1.77  ,-2.67
199411  ,-5.33  ,-2.47  ,-2.64  ,-4.73  ,-3.98  ,-4.30
199412  ,-6.03  ,-8.19  ,-9.25  ,-9.24 ,-10.51  ,-5.78
199501 ,-15.87 ,-15.70  ,-9.26 ,-15.09 ,-12.43  ,-9.52
199502   ,5.17   ,5.99  ,-1.14   ,1.60  ,-1.41   ,1.06
199503  ,-3.75   ,0.27  ,-0.10  ,-2.72   ,0.62   ,0.85
199504  ,-1.65  ,-0.05   ,0.80   ,4.39   ,3.49   ,1.83
199505   ,3.72   ,1.63   ,4.00   ,1.22   ,4.27   ,4.73
199506  ,-2.25   ,1.43   ,2.36  ,-0.40   ,0.48   ,1.21
199507   ,3.47   ,4.97   ,2.32   ,2.16   ,2.91   ,3.68
199508  ,-2.39  ,-2.01  ,-0.31  ,-1.56  ,-2.82  ,-2.82
199509  ,-1.24  ,-0.64   ,0.47   ,0.74   ,0.13  ,-1.14
199510  ,-6.05  ,-1.75   ,0.45  ,-5.45  ,-3.82  ,-0.83
199511  ,-2.93  ,-0.39   ,3.19  ,-3.02  ,-0.19   ,0.20
199512   ,2.71   ,4.46   ,4.94   ,3.81   ,3.35   ,4.17
199601  ,11.71   ,8.75  ,10.58  ,10.58   ,8.09   ,7.18
199602  ,-0.22   ,1.14   ,1.90  ,-2.24  ,-2.68  ,-1.39
199603   ,0.33   ,3.48   ,5.48   ,2.69   ,0.61   ,0.67
199604   ,5.24   ,5.01   ,1.57   ,3.78   ,3.05   ,3.57
199605  ,-0.95  ,-3.44  ,-5.88  ,-2.40  ,-1.54   ,0.25
199606  ,-0.29   ,1.32   ,4.43   ,0.23   ,1.33   ,2.20
199607  ,-4.61  ,-3.87  ,-2.67  ,-6.88  ,-6.24  ,-4.25
199608  ,-0.89   ,3.57   ,7.22   ,1.93   ,4.10   ,2.42
199609   ,1.45   ,3.10   ,5.26   ,1.08   ,1.10   ,1.99
199610  ,-2.69  ,-0.93   ,3.66  ,-1.17  ,-2.19  ,-2.43
199611   ,0.24   ,1.24  ,-1.47   ,0.77   ,1.47   ,1.87
199612  ,-0.90  ,-0.67  ,-1.18   ,0.48   ,0.61   ,1.24
199701   ,5.99   ,7.69   ,8.38   ,7.48   ,5.47   ,8.41
199702   ,7.31   ,6.39   ,6.32   ,4.77   ,5.82   ,4.46
199703  ,-1.27   ,0.49   ,0.79  ,-2.95  ,-2.40  ,-1.70
199704  ,-4.16  ,-2.76  ,-3.47  ,-4.83  ,-0.48  ,-1.36
199705  ,-0.43   ,0.12   ,1.75   ,0.24   ,4.14   ,4.19
199706   ,2.26   ,2.38   ,4.28   ,1.81   ,5.22   ,7.41
199707   ,1.57   ,1.25   ,1.04   ,0.42   ,0.11   ,1.64
199708  ,-8.20  ,-9.37  ,-9.39 ,-12.28 ,-12.08 ,-11.36
199709   ,0.42  ,-0.29  ,-0.99   ,0.08   ,2.01   ,3.82
199710 ,-13.17 ,-13.24 ,-12.52 ,-15.44 ,-17.16 ,-16.35
199711 ,-12.96  ,-8.52  ,-4.35  ,-9.89  ,-4.48  ,-2.48
199712  ,-5.47  ,-4.05  ,-2.94  ,-1.36   ,0.41  ,-0.72
199801  ,-7.56  ,-5.62  ,-5.41  ,-6.66  ,-7.92  ,-4.34
199802  ,13.25  ,12.11   ,6.87  ,10.04   ,8.68  ,13.99
199803   ,5.51   ,4.75   ,4.63   ,5.00   ,4.42   ,2.15
199804  ,-2.17   ,1.14   ,2.05   ,2.47   ,0.37  ,-1.45
199805  ,-7.33  ,-4.85  ,-4.03 ,-12.22 ,-11.89 ,-10.37
199806 ,-10.27  ,-8.88  ,-8.94 ,-12.46  ,-9.64 ,-11.19
199807   ,2.16  ,-0.00  ,-0.11   ,0.97   ,2.66   ,4.17
199808 ,-17.21 ,-18.94 ,-16.80 ,-24.55 ,-28.13 ,-24.88
199809   ,2.97   ,0.42  ,-0.46   ,6.62   ,5.06   ,2.76
199810   ,7.12   ,2.25   ,0.68   ,9.96   ,9.88   ,7.08
199811  ,15.83   ,5.89   ,2.09  ,10.63   ,7.67   ,2.74
199812  ,-0.07  ,-0.18  ,-1.28  ,-4.00  ,-0.63   ,1.93
199901  ,-1.67  ,-1.51  ,-4.35  ,-1.80  ,-1.17  ,-1.20
199902  ,-1.34  ,-0.25  ,-1.15  ,-0.08   ,0.79   ,0.41
199903   ,8.41   ,7.79   ,6.35  ,12.72  ,10.32   ,6.65
199904  ,14.04  ,11.80   ,8.96  ,13.33  ,11.58  ,14.69
199905   ,2.32   ,4.66   ,5.35  ,-0.17  ,-0.46   ,0.89
199906  ,10.95  ,11.70  ,15.00  ,11.14   ,9.12  ,12.67
199907  ,-2.67   ,1.29   ,8.04   ,2.17  ,-2.64  ,-2.42
199908   ,0.15   ,3.84  ,12.15   ,0.79   ,3.12   ,4.30
199909  ,-3.08  ,-5.93  ,-1.66  ,-1.80  ,-4.27  ,-2.60
199910  ,-0.84   ,4.27  ,10.84   ,0.04   ,3.65   ,5.52
199911   ,5.06   ,7.30  ,12.51   ,6.59  ,11.58   ,7.77
199912   ,7.28   ,5.27   ,1.36   ,7.28  ,12.67  ,15.50
200001  ,10.65   ,3.95   ,1.00  ,-1.75  ,-1.00   ,2.00
200002   ,0.81   ,2.63   ,2.24  ,-1.33  ,-0.44   ,8.33
200003   ,2.10   ,1.02  ,-2.94  ,-0.66   ,2.23  ,-0.31
200004  ,-8.01  ,-8.81 ,-15.87  ,-8.52 ,-10.47 ,-14.48
200005  ,-4.39  ,-0.04  ,-0.74  ,-0.36  ,-2.94  ,-3.22
200006  ,-0.52  ,-0.93  ,-0.10  ,-1.08   ,2.05   ,5.93
200007  ,-1.67  ,-2.03  ,-4.05  ,-2.17  ,-3.01  ,-7.99
200008  ,-3.16  ,-1.12   ,0.40  ,-2.53   ,0.70   ,1.16
200009  ,-7.63  ,-6.48  ,-9.43  ,-8.89  ,-9.07  ,-9.62
200010 ,-11.75  ,-7.73  ,-9.75  ,-5.98  ,-9.04  ,-9.07
200011  ,-7.48  ,-6.91  ,-7.01 ,-11.33  ,-6.37  ,-9.14
200012  ,-1.31  ,-1.66  ,-2.98   ,2.20   ,1.80   ,2.45
200101  ,14.06   ,8.68   ,9.59  ,17.72  ,13.02   ,6.18
200102  ,-1.19   ,1.06  ,-2.03 ,-12.99  ,-7.34  ,-3.56
200103  ,-6.43  ,-3.96  ,-4.50 ,-12.61  ,-7.46  ,-7.96
200104   ,0.89   ,0.81   ,2.16   ,5.07   ,3.75   ,4.75
200105   ,0.13   ,0.87   ,1.88  ,-0.35   ,0.53   ,3.16
200106  ,-0.87   ,0.24   ,1.95  ,-3.39  ,-1.37  ,-0.17
200107  ,-5.69  ,-6.31  ,-5.80  ,-8.07  ,-5.37  ,-7.13
200108   ,0.45  ,-0.26  ,-1.17  ,-4.04   ,0.12  ,-1.17
200109 ,-18.04 ,-11.07 ,-10.23 ,-18.62 ,-14.04 ,-12.79
200110   ,7.76   ,3.24   ,3.88   ,5.79   ,6.13   ,4.53
200111  ,11.83   ,6.37   ,4.76  ,15.02  ,10.43   ,5.59
200112   ,5.32   ,6.59   ,4.00   ,7.02  ,10.27   ,7.99
200201   ,7.09   ,5.21   ,5.52   ,0.30   ,3.05   ,6.46
200202  ,-2.85   ,0.14   ,1.63  ,-0.73   ,2.07   ,3.75
200203  ,10.41   ,8.62   ,5.41   ,5.08   ,6.27   ,8.49
200204   ,0.21   ,3.04   ,2.89   ,0.58   ,1.38  ,-1.64
200205  ,-0.59  ,-0.00  ,-0.49   ,0.13  ,-3.60  ,-0.30
200206  ,-8.98  ,-5.51  ,-4.79  ,-8.06  ,-7.75  ,-6.01
200207  ,-5.02  ,-3.95  ,-2.96  ,-6.53  ,-6.76  ,-5.20
200208  ,-1.08   ,2.17  ,-0.87   ,1.34   ,1.16   ,2.11
200209 ,-13.84 ,-10.74  ,-9.46 ,-13.11 ,-10.46  ,-8.76
200210   ,4.07   ,4.92   ,7.02   ,6.47   ,6.72   ,5.76
200211   ,5.47   ,6.68   ,5.05   ,6.83   ,5.42   ,6.60
200212  ,-3.87  ,-0.49  ,-0.76  ,-5.51  ,-1.90  ,-2.05
200301   ,1.21   ,2.31   ,4.53   ,0.81  ,-1.10   ,0.58
200302  ,-2.56  ,-1.51  ,-1.38  ,-4.22  ,-3.05  ,-1.66
200303  ,-6.34  ,-3.05  ,-3.74  ,-4.01  ,-3.68  ,-1.51
200304   ,8.75   ,6.86   ,6.97   ,9.66  ,10.01   ,7.14
200305   ,9.06   ,7.95   ,5.01   ,8.66   ,6.41   ,7.41
200306   ,6.85   ,5.26   ,6.58   ,5.87   ,6.11   ,6.51
200307   ,3.56   ,4.14   ,5.22   ,5.45   ,4.77   ,5.84
200308   ,2.74   ,5.04   ,6.86   ,6.95   ,6.92   ,6.84
200309   ,1.72   ,1.84   ,2.86   ,2.19   ,0.57   ,3.03
200310   ,2.82   ,5.83   ,8.59   ,6.68   ,7.87   ,9.00
200311   ,2.51   ,2.23   ,3.47   ,1.11   ,0.90   ,1.51
200312   ,6.96   ,6.96   ,6.22   ,7.05   ,6.84   ,9.90
200401   ,3.41   ,4.46   ,4.38   ,3.07   ,4.35   ,2.79
200402   ,3.23   ,3.98   ,4.99   ,4.22   ,5.35   ,4.47
200403   ,1.10   ,0.63   ,2.60   ,0.06   ,1.50   ,2.90
200404  ,-2.63  ,-2.47  ,-4.26  ,-6.36  ,-6.72  ,-8.90
200405  ,-4.99  ,-4.64  ,-4.84  ,-1.29  ,-2.82  ,-2.35
200406  ,-1.71  ,-1.13   ,0.95   ,0.20   ,1.92  ,-1.29
200407  ,-3.05  ,-0.45  ,-1.49  ,-3.67  ,-1.27  ,-0.83
200408   ,3.71   ,3.71   ,4.84   ,5.08   ,4.19   ,3.09
200409   ,4.91   ,6.79   ,7.25   ,3.45   ,6.17   ,7.76
200410   ,1.55   ,3.38   ,3.90   ,2.33   ,2.95   ,3.51
200411   ,7.49  ,11.27  ,10.76   ,6.62   ,8.70  ,10.61
200412   ,4.91   ,7.48   ,9.36   ,5.17   ,6.22   ,5.34
200501   ,3.68   ,3.66   ,3.67  ,-1.41   ,1.13   ,0.35
200502   ,7.93   ,8.73   ,9.96   ,8.23   ,8.46   ,8.60
200503  ,-3.88  ,-4.69  ,-5.12  ,-5.58  ,-6.81  ,-4.97
200504  ,-3.87  ,-1.91  ,-0.19  ,-4.15  ,-1.93  ,-1.88
200505   ,1.38   ,1.88   ,4.71   ,5.09   ,3.26   ,2.14
200506   ,4.09   ,4.41   ,5.26   ,2.39   ,3.73   ,4.82
200507   ,4.49   ,7.34   ,8.66   ,6.39   ,6.66   ,7.41
200508  ,-3.10  ,-0.26   ,2.05  ,-0.76   ,1.76   ,1.86
200509   ,4.21   ,6.69   ,5.92   ,9.54   ,8.22   ,9.86
200510  ,-3.91  ,-1.81  ,-4.50  ,-6.86  ,-5.79  ,-5.84
200511   ,7.21   ,7.78   ,9.88   ,7.87   ,7.78   ,8.48
200512   ,5.53   ,5.93   ,5.53   ,7.72   ,6.66   ,5.10
200601   ,9.47   ,7.79   ,7.76  ,10.29  ,10.07  ,11.25
200602   ,1.72   ,2.68   ,0.76   ,0.92   ,0.56  ,-1.23
200603   ,0.79   ,2.59   ,2.65   ,0.92   ,0.57   ,1.59
200604   ,6.80   ,8.32   ,8.71   ,6.97   ,7.15   ,8.59
200605  ,-8.46  ,-6.01  ,-9.71  ,-9.19 ,-10.47 ,-10.36
200606  ,-5.10  ,-5.12  ,-6.53  ,-2.53  ,-0.35  ,-0.83
200607  ,-0.49   ,0.94   ,0.93   ,0.98   ,1.61   ,1.42
200608   ,3.56   ,3.40   ,2.71   ,3.95   ,1.39   ,5.27
200609   ,2.72   ,2.31   ,3.52   ,2.29   ,1.03  ,-0.38
200610   ,3.91   ,5.99   ,7.45   ,5.45   ,4.22   ,4.42
200611   ,7.71   ,8.73   ,9.50   ,6.79   ,7.30   ,8.47
200612   ,3.03   ,4.95   ,5.60   ,3.82   ,5.07   ,3.07
200701   ,0.16   ,2.23   ,3.20  ,-0.16  ,-1.94  ,-0.01
200702   ,2.03   ,3.40   ,4.84  ,-0.74  ,-0.13   ,1.36
200703   ,4.08   ,5.48   ,6.91   ,3.29   ,3.80   ,5.44
200704   ,5.98   ,6.72   ,7.79   ,3.32   ,4.72   ,7.51
200705   ,7.26   ,8.71   ,9.99   ,3.08   ,5.86   ,6.27
200706   ,3.89   ,5.47   ,5.56   ,5.95   ,3.93   ,4.19
200707   ,4.71   ,7.80   ,7.76   ,4.00   ,5.69   ,7.25
200708  ,-6.54  ,-5.88  ,-6.78  ,-4.46  ,-1.26  ,-3.04
200709   ,5.80   ,5.82   ,6.83   ,8.04  ,11.17   ,9.51
200710   ,1.93   ,3.13   ,3.45   ,7.69  ,11.58  ,12.15
200711  ,-6.60  ,-6.49  ,-8.08  ,-4.65  ,-7.78  ,-7.60
200712   ,2.99   ,2.50   ,0.76   ,1.71   ,0.76   ,0.67
200801 ,-12.82 ,-12.02 ,-12.31  ,-9.84 ,-13.37 ,-12.24
200802   ,6.48   ,6.65   ,6.53   ,3.03   ,7.03  ,10.22
200803  ,-6.25  ,-3.87  ,-6.85  ,-2.26  ,-4.98  ,-5.67
200804   ,4.42   ,4.95   ,5.61   ,7.01   ,6.75   ,9.00
200805   ,1.04  ,-0.10   ,1.76   ,0.74   ,1.48   ,3.29
200806 ,-10.56  ,-8.35  ,-8.45 ,-11.86 ,-10.03  ,-8.64
200807  ,-3.86  ,-1.80  ,-2.62  ,-0.69  ,-2.23  ,-7.27
200808  ,-9.51  ,-6.27  ,-8.00  ,-6.61  ,-7.19  ,-9.01
200809 ,-22.44 ,-19.81 ,-17.53 ,-19.39 ,-16.19 ,-18.77
200810 ,-30.42 ,-29.25 ,-26.24 ,-30.61 ,-26.14 ,-26.88
200811  ,-9.55  ,-8.90  ,-8.43  ,-8.23  ,-7.43  ,-8.01
200812  ,13.55   ,9.19   ,4.95  ,12.02   ,7.69   ,5.05
200901  ,-5.06  ,-3.98  ,-5.18  ,-2.77  ,-7.47  ,-7.60
200902  ,-5.14  ,-3.60  ,-4.27  ,-6.44  ,-6.78  ,-1.98
200903  ,14.93  ,12.24  ,10.94  ,15.95  ,14.24  ,12.10
200904  ,28.97  ,19.44  ,14.67  ,24.43  ,17.20   ,9.96
200905  ,29.64  ,18.52  ,13.05  ,25.33  ,17.89  ,12.25
200906   ,0.34  ,-0.32  ,-0.82  ,-2.91  ,-1.13  ,-1.55
200907  ,11.76  ,11.21  ,13.03  ,12.34  ,10.79  ,10.56
200908   ,4.51   ,2.43   ,1.01  ,-0.22  ,-0.11  ,-0.41
200909   ,9.93   ,8.13   ,8.55   ,9.20   ,9.47   ,9.78
200910   ,0.89   ,0.96   ,1.08   ,0.47  ,-0.91  ,-0.91
200911   ,3.95   ,4.53   ,4.86   ,2.87   ,4.69   ,6.09
200912   ,5.39   ,7.50   ,7.67   ,4.02   ,4.06   ,6.51
201001  ,-0.91  ,-1.28  ,-3.45  ,-3.15  ,-5.94  ,-6.14
201002   ,0.05   ,2.27   ,3.74   ,0.44   ,0.56   ,1.07
201003   ,6.85   ,9.30   ,7.24   ,6.47   ,8.92   ,9.44
201004   ,3.07   ,3.71   ,3.53   ,0.24   ,0.94   ,4.13
201005 ,-11.13 ,-10.63 ,-10.98  ,-7.46  ,-9.30  ,-9.42
201006   ,0.06   ,1.15   ,0.97  ,-0.46   ,0.29  ,-0.95
201007   ,6.27   ,7.16   ,8.06   ,8.17   ,7.94   ,9.32
201008  ,-1.29  ,-0.08  ,-0.29  ,-3.08  ,-1.40   ,0.50
201009  ,10.67  ,10.22  ,11.25  ,10.15  ,11.02  ,14.43
201010   ,4.36   ,4.31   ,5.62   ,1.59   ,3.39   ,3.51
201011  ,-3.99  ,-2.39  ,-2.37  ,-3.60  ,-1.74  ,-1.38
201012   ,6.58   ,6.38   ,6.82   ,8.90   ,6.50   ,6.36
201101  ,-2.67  ,-1.10  ,-2.87  ,-3.62  ,-2.19  ,-1.74
201102  ,-4.27  ,-2.62  ,-2.31  ,-0.52  ,-1.93  ,-1.46
201103   ,2.68   ,3.24   ,5.52   ,4.39   ,5.25   ,8.28
201104   ,3.34   ,4.71   ,5.34   ,0.83   ,3.10   ,7.42
201105  ,-4.55  ,-1.97  ,-2.46  ,-3.68  ,-1.67  ,-2.93
201106  ,-2.83  ,-1.89  ,-1.41  ,-2.16  ,-0.80  ,-1.65
201107   ,1.55   ,2.00   ,2.63  ,-1.85   ,0.38   ,1.41
201108 ,-11.55  ,-9.24  ,-8.68 ,-10.02  ,-8.64  ,-8.90
201109 ,-17.12 ,-14.56 ,-16.27 ,-15.13 ,-13.90 ,-15.77
201110  ,11.59   ,9.24  ,10.35  ,14.75  ,12.87  ,10.08
201111  ,-9.83  ,-5.55  ,-4.47  ,-7.22  ,-6.81  ,-4.98
201112  ,-2.09  ,-0.34  ,-0.05  ,-2.15  ,-0.59  ,-1.67
201201  ,14.07   ,9.03   ,7.57  ,16.03  ,11.23   ,7.18
201202  ,10.89   ,8.41   ,7.59   ,6.54   ,6.26   ,5.24
201203  ,-5.32  ,-1.90  ,-0.82  ,-5.60  ,-3.56   ,0.38
201204  ,-4.19  ,-1.62  ,-2.17  ,-5.14  ,-1.22   ,1.47
201205 ,-12.78  ,-8.26  ,-8.10 ,-11.62 ,-10.43  ,-9.86
201206   ,2.40   ,3.63   ,3.87   ,2.35   ,4.77   ,3.54
201207  ,-3.21   ,0.02   ,1.12   ,0.72   ,1.14   ,2.72
201208   ,2.41   ,3.04   ,4.72   ,0.30   ,0.06   ,0.51
201209   ,5.82   ,5.23   ,5.63   ,7.04   ,5.23   ,5.97
201210  ,-1.79  ,-0.36   ,1.64  ,-2.73  ,-0.23   ,0.23
201211  ,-1.27   ,1.31   ,1.28  ,-1.14   ,1.05   ,3.53
201212   ,5.48   ,5.18   ,3.97   ,6.11   ,4.82   ,4.78
201301   ,2.22   ,2.36   ,4.92   ,1.82   ,2.00   ,0.99
201302  ,-1.32   ,0.94   ,3.10  ,-3.97  ,-0.60   ,1.22
201303  ,-2.14   ,1.07   ,1.22  ,-2.27  ,-1.23  ,-0.62
201304  ,-0.50   ,1.62   ,2.85  ,-0.26   ,0.69   ,3.89
201305  ,-0.28   ,0.40  ,-0.01  ,-3.86  ,-1.37  ,-1.33
201306  ,-7.79  ,-6.09  ,-7.64  ,-6.57  ,-6.36  ,-6.65
201307   ,0.26   ,1.81   ,2.81   ,3.26   ,0.68   ,1.26
201308  ,-3.62  ,-2.57  ,-3.22  ,-0.43  ,-2.54  ,-4.90
201309   ,6.88   ,6.34   ,6.79   ,6.88   ,6.74   ,6.77
201310   ,1.80   ,3.50   ,3.91   ,3.63   ,4.71   ,4.64
201311  ,-2.96  ,-1.54  ,-0.46  ,-1.11  ,-1.34  ,-0.93
201312   ,0.80   ,0.82   ,0.53  ,-1.58  ,-1.65   ,2.38
201401  ,-3.75  ,-1.75  ,-0.86  ,-7.45  ,-6.60  ,-3.77
201402   ,3.29   ,4.83   ,6.11   ,2.88   ,2.99   ,6.85
201403   ,3.57   ,2.70   ,1.55   ,3.85   ,4.00  ,-1.30
201404   ,1.99   ,1.53  ,-0.38   ,1.53   ,0.63  ,-1.53
201405   ,2.57   ,3.84   ,5.55   ,4.39   ,3.27   ,4.39
201406   ,1.51   ,2.44   ,3.25   ,0.76   ,2.97   ,5.30
201407  ,-0.04  ,-0.14  ,-0.10   ,2.15   ,2.32   ,0.99
201408   ,1.95   ,2.34   ,2.54   ,1.55   ,2.43   ,2.25
201409  ,-5.28  ,-3.68  ,-2.04  ,-6.00  ,-6.54  ,-7.15
201410  ,-2.95  ,-1.71  ,-0.55  ,-0.29   ,1.21   ,1.13
201411  ,-2.80  ,-2.91  ,-2.23  ,-1.91  ,-0.50  ,-0.63
201412  ,-4.18  ,-2.86  ,-3.59  ,-4.49  ,-2.76  ,-5.44
201501  ,-2.00   ,0.30   ,3.15  ,-0.80   ,0.94   ,1.98
201502   ,2.54   ,2.16   ,1.53   ,4.08   ,1.99   ,2.61
201503  ,-2.00   ,0.62   ,0.59  ,-3.28  ,-0.42  ,-0.30
201504  ,10.18   ,9.80   ,8.15   ,9.66   ,5.90   ,7.03
201505  ,-1.14   ,0.69   ,2.40  ,-4.80  ,-3.27  ,-1.77
201506  ,-4.57  ,-2.89  ,-3.28  ,-3.36  ,-2.01  ,-1.42
201507  ,-7.77  ,-5.12  ,-7.23  ,-9.25  ,-5.25  ,-6.41
201508 ,-11.18  ,-8.66 ,-10.69  ,-8.90  ,-9.36  ,-7.05
201509  ,-0.25   ,1.37   ,1.26  ,-2.39  ,-2.39  ,-2.09
201510   ,8.00   ,5.45   ,5.78  ,11.07   ,6.11   ,6.20
201511  ,-3.51  ,-1.49  ,-0.25  ,-3.74  ,-2.93  ,-1.47
201512   ,0.08   ,0.04  ,-0.02  ,-3.67  ,-0.51  ,-2.04
201601  ,-9.40  ,-7.03  ,-9.12  ,-8.13  ,-6.27  ,-5.00
201602   ,1.57  ,-0.09  ,-2.09   ,0.69  ,-0.97  ,-2.14
201603  ,12.98   ,9.86   ,9.68  ,16.38  ,11.37   ,9.44
201604   ,4.20   ,2.56   ,2.32   ,1.48   ,0.94   ,0.32
201605  ,-5.99  ,-3.26  ,-2.51  ,-6.93  ,-3.84   ,0.48
201606   ,3.83   ,3.61   ,2.68   ,3.32   ,4.43   ,2.89
201607   ,5.45   ,4.19   ,4.41   ,6.38   ,4.45   ,3.90
201608   ,0.71   ,1.32   ,1.67   ,1.50   ,2.63   ,3.57
201609   ,1.24   ,1.79   ,3.04   ,1.08   ,0.70   ,2.05
201610  ,-0.33  ,-0.09  ,-0.89  ,-0.00   ,0.17  ,-0.66
201611  ,-5.07  ,-3.81  ,-4.17  ,-2.98  ,-5.05  ,-4.80
201612   ,0.71   ,1.08   ,1.13   ,0.75   ,0.70  ,-0.56
201701   ,4.30   ,4.91   ,5.85   ,3.96   ,4.07   ,8.19
201702   ,3.41   ,3.77   ,3.40   ,3.70   ,3.60   ,3.21
201703   ,1.80   ,3.58   ,3.56   ,2.22   ,2.52   ,3.58
201704   ,0.42   ,1.39   ,0.92   ,0.74   ,2.16   ,2.32
201705  ,-0.92   ,0.56   ,0.67   ,1.74   ,2.06   ,3.92
201706  ,-0.63   ,0.42   ,1.00  ,-1.41   ,0.33   ,3.48
201707   ,1.33   ,3.19   ,5.03   ,2.99   ,5.17   ,7.84
201708   ,0.36   ,1.78   ,2.02   ,1.29   ,2.01   ,2.71
201709   ,0.00  ,-0.10   ,1.24  ,-0.53  ,-1.00   ,0.49
201710   ,2.46   ,2.11   ,3.81   ,1.96   ,2.86   ,4.50
201711   ,0.58   ,1.12   ,1.47  ,-0.63  ,-0.65   ,2.16
201712   ,3.45   ,3.68   ,4.29   ,3.11   ,4.86   ,2.76
201801   ,5.21   ,6.37   ,6.79   ,6.87   ,8.53   ,7.81
201802  ,-3.46  ,-2.76  ,-2.50  ,-5.23  ,-4.31  ,-4.16
201803  ,-1.81   ,0.45  ,-0.16  ,-1.83  ,-1.41  ,-1.68
201804  ,-0.70  ,-0.18  ,-0.00  ,-0.53   ,0.94  ,-2.10
201805  ,-2.74  ,-1.81  ,-1.04  ,-4.50  ,-4.51  ,-0.20
201806  ,-6.19  ,-6.97  ,-6.68  ,-3.41  ,-4.23  ,-4.58
201807   ,0.25  ,-0.05   ,0.31   ,2.65   ,3.12   ,0.50
201808  ,-3.85  ,-2.26  ,-3.16  ,-3.36  ,-2.13  ,-2.43
201809  ,-3.29  ,-1.76  ,-3.29  ,-1.79  ,-1.07  ,-0.29
201810  ,-8.03  ,-8.87 ,-11.06  ,-8.62  ,-8.49  ,-8.90
201811   ,4.13   ,4.06   ,4.40   ,4.30   ,5.95   ,2.57
201812  ,-1.82  ,-0.77  ,-1.09  ,-1.20  ,-3.03  ,-1.61
201901   ,6.01   ,5.43   ,5.38   ,9.73   ,8.05   ,5.79
201902   ,1.04   ,1.41  ,-0.15   ,0.57   ,0.18   ,0.28
201903   ,0.92   ,1.34   ,2.44   ,0.41   ,0.29   ,2.44
201904   ,0.63   ,0.20   ,0.32   ,3.51   ,1.56   ,1.12
201905  ,-5.91  ,-4.18  ,-2.61  ,-8.34  ,-6.92  ,-3.76
201906   ,2.04   ,4.14   ,4.27   ,4.89   ,6.51   ,5.17
201907  ,-3.57  ,-1.39  ,-1.72  ,-1.06  ,-1.72  ,-1.68
201908  ,-5.63  ,-4.61  ,-1.79  ,-6.32  ,-4.59  ,-3.10
201909   ,2.16   ,2.11   ,1.79   ,2.62   ,2.42   ,1.30
201910   ,1.38   ,2.17   ,3.88   ,4.45   ,3.50   ,4.79
201911  ,-1.54  ,-0.84  ,-1.94  ,-1.07   ,0.81  ,-0.87
201912   ,6.22   ,5.64   ,6.73   ,7.21   ,6.95   ,7.31
202001  ,-4.27  ,-2.68  ,-1.68  ,-7.40  ,-4.50  ,-3.15
202002  ,-7.65  ,-4.84  ,-4.44  ,-9.23  ,-4.55  ,-4.47
202003 ,-23.08 ,-17.10 ,-19.55 ,-24.10 ,-14.76 ,-15.14
202004  ,12.70   ,9.90  ,13.97  ,10.08   ,8.98  ,10.33
202005   ,1.20   ,2.20   ,3.44   ,2.36  ,-0.24   ,3.44
202006   ,9.11   ,7.72   ,8.24   ,4.80   ,4.82  ,10.65
202007   ,6.44   ,6.81  ,10.50   ,5.35   ,6.02  ,13.28
202008   ,4.38   ,3.70   ,5.06   ,2.39   ,1.99   ,2.87
202009  ,-2.01  ,-1.11  ,-0.19  ,-3.90  ,-0.10  ,-2.56
202010  ,-0.13   ,0.08  ,-1.75  ,-0.07   ,0.83   ,4.11
202011  ,14.33   ,9.89  ,11.31  ,17.29  ,12.82   ,3.48
202012   ,4.81   ,5.91   ,6.99   ,6.37  ,10.02   ,6.01
202101  ,-1.25   ,0.03   ,3.66  ,-2.17   ,1.10   ,6.96
202102   ,5.61   ,5.33   ,5.69   ,4.34   ,0.92   ,0.77
202103   ,1.91   ,3.05   ,1.66   ,3.01  ,-1.45  ,-3.01
202104   ,4.22   ,6.26   ,5.44   ,1.03   ,1.81   ,5.54
202105   ,4.03   ,2.93   ,2.90   ,1.50   ,3.15   ,2.28
202106   ,1.87   ,2.76   ,4.94  ,-0.65  ,-0.85   ,3.86
202107  ,-5.06  ,-2.08   ,0.17  ,-6.72  ,-5.92  ,-4.19
202108   ,0.50   ,1.54   ,0.86   ,0.38   ,3.62   ,2.40
202109  ,-2.54  ,-1.27  ,-2.38  ,-2.83  ,-2.69  ,-4.40
202110  ,-1.31   ,0.86   ,1.05   ,1.56   ,0.05   ,1.35
202111  ,-2.89  ,-2.96  ,-2.65  ,-5.93  ,-3.16  ,-2.24
202112   ,2.41   ,3.91   ,5.02   ,0.22   ,3.94   ,1.44
202201  ,-3.78  ,-3.57  ,-4.43  ,-1.10  ,-1.70  ,-4.14
202202  ,-4.48  ,-1.61  ,-2.06  ,-5.97  ,-1.79   ,0.35
202203  ,-2.75  ,-0.22   ,1.47  ,-3.98  ,-0.70  ,-0.81
202204  ,-5.45  ,-4.19  ,-3.30  ,-5.15  ,-5.75  ,-4.74
202205  ,-1.33  ,-0.60  ,-1.49   ,0.85  ,-0.17   ,0.86
202206  ,-4.99  ,-6.73  ,-6.57  ,-4.13  ,-8.08  ,-7.56
202207  ,-0.24   ,1.32   ,2.91  ,-5.74   ,2.86   ,2.00
202208   ,1.14   ,0.62   ,2.07   ,1.39  ,-0.18   ,2.21
202209 ,-12.30  ,-9.50  ,-7.95 ,-13.41 ,-10.43  ,-8.15
202210  ,-1.81  ,-0.76  ,-0.93  ,-3.61  ,-1.75  ,-0.58
202211  ,13.37  ,10.30   ,7.95  ,20.67  ,11.92   ,7.79
202212   ,1.70   ,0.42  ,-0.77   ,0.27  ,-2.27  ,-1.79
202301   ,7.54   ,5.23   ,5.73   ,9.72   ,6.75   ,4.06
202302  ,-5.08  ,-2.19  ,-2.29  ,-7.07  ,-4.92  ,-4.78
202303  ,-0.78   ,1.07   ,1.16   ,1.09   ,3.93   ,2.00
202304   ,0.56   ,0.32   ,1.77  ,-2.85   ,0.30   ,0.85
202305  ,-1.05  ,-0.23   ,0.12  ,-2.00  ,-0.16  ,-2.00
202306   ,3.93   ,3.74   ,5.35   ,4.14   ,3.65   ,4.49
202307   ,4.08   ,3.80   ,5.48   ,8.13   ,3.96   ,7.09
202308  ,-4.22  ,-3.03  ,-1.66  ,-6.84  ,-4.78  ,-4.20
202309  ,-2.78  ,-1.24  ,-1.70  ,-2.51  ,-1.79  ,-2.94
202310  ,-4.64  ,-3.58  ,-3.14  ,-4.32  ,-3.29  ,-4.81
202311   ,6.75   ,8.00   ,8.58   ,7.02   ,7.38   ,9.96
202312   ,2.41   ,3.59   ,4.08   ,5.28   ,4.43   ,1.99
202401  ,-6.41  ,-3.52  ,-0.15  ,-6.36  ,-3.39  ,-3.15
202402   ,2.66   ,3.41   ,4.13   ,2.87   ,4.00   ,6.61
202403  ,-2.12  ,-0.44  ,-1.83   ,0.19   ,3.70   ,0.78
202404   ,0.52   ,1.64   ,3.48   ,2.14  ,-0.49   ,0.83
202405   ,0.61   ,0.56   ,0.43  ,-0.36   ,0.37   ,2.69
202406  ,-1.55   ,2.17   ,2.98   ,1.62   ,4.78   ,2.33
202407  ,-0.13   ,0.85   ,1.49   ,1.73   ,0.84  ,-1.27
202408   ,0.75   ,1.09   ,1.66   ,1.88   ,1.33   ,1.04
202409   ,9.13   ,6.00   ,3.52   ,7.59   ,6.20   ,3.98
202410  ,-4.22  ,-3.40  ,-2.80  ,-6.78  ,-4.06  ,-1.41
202411  ,-1.69  ,-1.62  ,-2.06  ,-3.28  ,-3.01  ,-3.36
202412  ,-1.54  ,-1.28   ,0.05  ,-3.34  ,-0.29   ,1.41
202501  ,-0.67  ,-1.39  ,-3.26   ,1.40   ,1.39   ,1.18
202502  ,-0.35   ,0.23  ,-1.47  ,-0.73   ,0.35  ,-0.95
202503  ,-1.52  ,-0.42   ,1.50   ,2.35   ,2.46  ,-1.85
202504   ,2.15   ,1.53   ,0.87   ,1.71   ,2.15   ,0.68
202505   ,6.36   ,6.16   ,7.01   ,3.46   ,4.40   ,5.42
202506   ,4.66   ,4.54   ,5.86   ,5.32   ,5.04   ,6.85
202507   ,1.19   ,1.60   ,3.50   ,3.31   ,1.23   ,0.80
202508   ,2.21   ,2.73   ,6.59   ,1.42   ,2.52   ,1.73
202509   ,1.49   ,1.00   ,2.35   ,4.69   ,6.07   ,6.87
202510  ,-0.49  ,-0.42  ,-1.93   ,1.04   ,5.05   ,4.47
202511  ,-3.15  ,-1.47  ,-2.18  ,-1.30  ,-1.29  ,-3.18
202512  ,-0.37   ,1.10   ,1.94   ,0.34   ,1.05   ,5.66
202601   ,2.53   ,3.98   ,7.03   ,2.06   ,6.64  ,13.59